<?xml version="1.0" encoding="UTF-8"?>
<project-private xmlns="http://www.netbeans.org/ns/project-private/1">
    <editor-bookmarks xmlns="http://www.netbeans.org/ns/editor-bookmarks/2" lastBookmarkId="0"/>
    <open-files xmlns="http://www.netbeans.org/ns/projectui-open-files/2">
        <group>
            <file>file:/var/www/SistemaTCC/src/Template/Users/add.ctp</file>
            <file>file:/var/www/SistemaTCC/src/Model/Entity/User.php</file>
            <file>file:/var/www/SistemaTCC/src/Controller/AppController.php</file>
            <file>file:/var/www/SistemaTCC/src/Controller/UsersController.php</file>
            <file>file:/var/www/SistemaTCC/src/Template/Layout/default_bkp.ctp</file>
            <file>file:/var/www/SistemaTCC/src/Controller/TiposController.php</file>
            <file>file:/var/www/SistemaTCC/src/Model/Table/UsersTable.php</file>
            <file>file:/var/www/SistemaTCC/src/Template/Users/login.ctp</file>
        </group>
    </open-files>
</project-private>
